375,select text from DBObjects where name=&&&
2019-12-17 00:06:00,4
2019-12-17 00:39:00,1
2019-12-17 00:40:00,2
2019-12-17 01:13:00,2
2019-12-17 01:26:00,3
2019-12-17 02:14:00,1
2019-12-17 02:23:00,2
2019-12-17 02:24:00,2
2019-12-17 02:29:00,1
2019-12-17 02:34:00,1
2019-12-17 02:41:00,1
2019-12-17 02:44:00,1
2019-12-17 02:47:00,2
2019-12-17 02:49:00,1
2019-12-17 02:54:00,4
2019-12-17 02:57:00,3
2019-12-17 03:03:00,2
2019-12-17 03:14:00,2
2019-12-17 03:21:00,3
2019-12-17 03:22:00,1
2019-12-17 03:26:00,1
2019-12-17 03:27:00,1
2019-12-17 03:41:00,3
2019-12-17 03:47:00,2
2019-12-17 03:49:00,1
2019-12-17 04:07:00,9
2019-12-17 04:08:00,2
2019-12-17 04:12:00,2
2019-12-17 04:28:00,1
2019-12-17 04:43:00,1
2019-12-17 04:44:00,1
2019-12-17 05:02:00,2
2019-12-17 05:04:00,1
2019-12-17 05:11:00,4
2019-12-17 05:41:00,1
2019-12-17 05:45:00,1
2019-12-17 05:46:00,1
2019-12-17 05:47:00,2
2019-12-17 05:48:00,2
2019-12-17 05:49:00,1
2019-12-17 05:51:00,1
2019-12-17 06:12:00,1
2019-12-17 06:17:00,3
2019-12-17 06:23:00,4
2019-12-17 06:32:00,1
2019-12-17 06:33:00,1
2019-12-17 06:35:00,1
2019-12-17 06:36:00,3
2019-12-17 06:40:00,1
2019-12-17 06:42:00,1
2019-12-17 06:44:00,1
2019-12-17 06:46:00,1
2019-12-17 07:05:00,1
2019-12-17 07:06:00,1
2019-12-17 07:15:00,1
2019-12-17 07:18:00,1
2019-12-17 07:32:00,2
2019-12-17 07:45:00,1
2019-12-17 07:47:00,1
2019-12-17 08:01:00,2
2019-12-17 08:05:00,3
2019-12-17 08:11:00,2
2019-12-17 08:13:00,2
2019-12-17 08:17:00,2
2019-12-17 08:18:00,1
2019-12-17 08:19:00,4
2019-12-17 08:31:00,1
2019-12-17 08:39:00,1
2019-12-17 08:44:00,1
2019-12-17 08:46:00,2
2019-12-17 08:49:00,1
2019-12-17 08:51:00,1
2019-12-17 08:52:00,1
2019-12-17 09:32:00,1
2019-12-17 09:38:00,6
2019-12-17 09:39:00,2
2019-12-17 09:40:00,2
2019-12-17 09:45:00,1
2019-12-17 10:02:00,2
2019-12-17 10:12:00,1
2019-12-17 10:26:00,1
2019-12-17 10:33:00,1
2019-12-17 10:36:00,1
2019-12-17 10:38:00,1
2019-12-17 10:46:00,1
2019-12-17 10:54:00,1
2019-12-17 11:22:00,2
2019-12-17 11:29:00,1
2019-12-17 11:30:00,1
2019-12-17 11:39:00,3
2019-12-17 11:43:00,1
2019-12-17 12:00:00,1
2019-12-17 12:01:00,3
2019-12-17 12:31:00,4
2019-12-17 12:32:00,2
2019-12-17 12:33:00,5
2019-12-17 12:36:00,5
2019-12-17 12:37:00,7
2019-12-17 12:38:00,2
2019-12-17 12:40:00,2
2019-12-17 12:42:00,12
2019-12-17 12:53:00,2
2019-12-17 12:54:00,2
2019-12-17 13:04:00,1
2019-12-17 13:12:00,1
2019-12-17 13:13:00,1
2019-12-17 13:14:00,1
2019-12-17 13:15:00,3
2019-12-17 13:23:00,3
2019-12-17 13:44:00,3
2019-12-17 15:07:00,3
2019-12-17 15:17:00,1
2019-12-17 15:19:00,1
2019-12-17 15:25:00,4
2019-12-17 15:37:00,1
2019-12-17 15:38:00,1
2019-12-17 15:39:00,2
2019-12-17 15:44:00,2
2019-12-17 15:50:00,2
2019-12-17 16:08:00,2
2019-12-17 16:09:00,2
2019-12-17 16:44:00,1
2019-12-17 16:56:00,4
2019-12-17 17:40:00,1
2019-12-17 17:48:00,1
2019-12-17 17:49:00,4
2019-12-17 17:50:00,7
2019-12-17 17:54:00,1
2019-12-17 17:56:00,3
2019-12-17 18:49:00,1
2019-12-17 18:54:00,2
2019-12-17 19:00:00,1
2019-12-17 19:40:00,2
2019-12-17 19:49:00,2
2019-12-17 20:18:00,3
2019-12-17 20:19:00,2
2019-12-17 20:22:00,2
2019-12-17 21:12:00,1
2019-12-17 21:22:00,2
2019-12-17 21:58:00,2
2019-12-17 22:34:00,1
2019-12-17 22:35:00,24
2019-12-17 22:36:00,23
2019-12-17 22:37:00,28
2019-12-17 22:38:00,4
2019-12-17 22:39:00,2
2019-12-17 22:50:00,9
2019-12-17 23:54:00,3
